"","likelihood","bart","expr","rank_size"
"1",0.0728438544760272,0.192,0.783737395403819,7
"2",0.000286108961588613,0.441,0.552666481180607,9
"3",0.968809783179904,0.079,0.34458611059603,10
"4",0.0235406272792231,0.899,1.75485839722368,1
"5",0.000520435350674246,0.398,0.575665163505607,8
"6",0.515798190684602,0.143,0.953335120713798,4
"7",0.138383794163582,0.654,0.264879545867439,12
"8",0.291190571050214,0.612,-0.104401951497585,15
"9",0.00259712474026601,0.499,0.25313062010562,13
"10",0.00201016560038739,0.83,0.887356039238933,5
"11",0.108369092578079,0.43,0.962389548167469,3
"12",0.0204967482819236,0.812,0.331024625509184,11
"13",0.407516325742533,0.949,1.18388421718233,2
"14",0.361210732327939,0.578,0.17902228924169,14
"15",0.661623165324514,0.246,0.86348850724591,6
